{
	"info": {
		"_postman_id": "88ca3ca2-663d-4312-9526-d92feb2d8da0",
		"name": "RSVP",
		"schema": "https://schema.getpostman.com/json/collection/v2.1.0/collection.json",
		"_exporter_id": "14686010"
	},
	"item": [
		{
			"name": "/location",
			"request": {
				"method": "GET",
				"header": [],
				"url": {
					"raw": "http://localhost:8080/location",
					"protocol": "http",
					"host": [
						"localhost"
					],
					"port": "8080",
					"path": [
						"location"
					]
				}
			},
			"response": []
		}
	]
}